sid,gender,utterance,onset,vot,f0
s00,female,isolation,fortis,15.403059168523779,289.1050410447545
s00,female,isolation,fortis,11.418402479385513,253.14956987658925
s00,female,isolation,fortis,7.2200054475369875,255.33612668164625
s00,female,isolation,fortis,10.753237025578851,252.3882716904902
s00,female,isolation,fortis,12.803662591452865,261.07779315701436
s00,female,isolation,fortis,22.907075937840375,252.6062170197385
s00,female,isolation,lenis,67.2399748047382,199.92948506580717
s00,female,isolation,lenis,42.563640680397285,206.04863372625445
s00,female,isolation,lenis,48.538933900241695,240.7503766753918
s00,female,isolation,lenis,60.22157731666263,168.803211621731
s00,female,isolation,lenis,103.44814723640188,199.2310760893063
s00,female,isolation,lenis,100.75982771089214,253.90683330315605
s00,female,isolation,aspirated,115.19688187290511,294.46061263510353
s00,female,isolation,aspirated,58.98904535381015,312.7777293436491
s00,female,isolation,aspirated,55.45128205077961,242.5757753797625
s00,female,isolation,aspirated,66.79306102774456,244.6328040575699
s00,female,isolation,aspirated,102.70919513983218,248.30503170907238
s00,female,isolation,aspirated,98.29601413929906,246.94935968398408
s00,female,sentence,fortis,5.302685112870165,291.4566761115474
s00,female,sentence,fortis,5.693388407617602,275.3269721995489
s00,female,sentence,fortis,14.048746047197927,326.67737793835124
s00,female,sentence,fortis,6.6080468339329155,272.8807396835343
s00,female,sentence,fortis,9.203859720528412,215.45760352320167
s00,female,sentence,fortis,13.767440017003736,283.2908461735505
s00,female,sentence,lenis,34.1617590798901,238.61020135414688
s00,female,sentence,lenis,24.357224309701092,238.5949363124274
s00,female,sentence,lenis,47.287562736506175,227.4851394446012
s00,female,sentence,lenis,13.63781056239115,220.41116744095183
s00,female,sentence,lenis,61.73076445240303,226.7061668630672
s00,female,sentence,lenis,50.41079202084978,205.58661379124572
s00,female,sentence,aspirated,54.565023287642575,282.55290261042774
s00,female,sentence,aspirated,22.6117685525024,314.41533056362357
s00,female,sentence,aspirated,38.184618169435375,288.56568004587206
s00,female,sentence,aspirated,29.99915116642633,278.2753791791446
s00,female,sentence,aspirated,10.915190988849186,301.51376805944955
s00,female,sentence,aspirated,53.721152777696496,306.9550663155901
s01,female,isolation,fortis,16.4384144864969,251.81791234870371
s01,female,isolation,fortis,20.424209980111605,247.9467738372187
s01,female,isolation,fortis,8.58115491255289,229.21147927696697
s01,female,isolation,fortis,7.227612115479536,244.5054451312155
s01,female,isolation,fortis,14.444648879110018,223.38335944219892
s01,female,isolation,fortis,23.50775964141603,266.87872044953997
s01,female,isolation,lenis,78.41268466000373,208.32789260149968
s01,female,isolation,lenis,41.997520764349545,258.45454382023604
s01,female,isolation,lenis,70.03827136261957,198.19902321468396
s01,female,isolation,lenis,75.65210420385439,199.82780931928647
s01,female,isolation,lenis,57.27551226661993,258.80423162202
s01,female,isolation,lenis,85.33339753426843,237.06685018152072
s01,female,isolation,aspirated,61.90198588465603,256.4221075662614
s01,female,isolation,aspirated,69.9146409319001,275.9176130228294
s01,female,isolation,aspirated,65.19693685142842,260.1409016218336
s01,female,isolation,aspirated,54.300411291725446,266.7047855417124
s01,female,isolation,aspirated,57.96549142785744,260.70520108212406
s01,female,isolation,aspirated,84.42836695859008,243.44839321254685
s01,female,sentence,fortis,11.285470250639753,276.5635252241829
s01,female,sentence,fortis,2.205693634378264,277.43255554315897
s01,female,sentence,fortis,9.540177501244436,260.3432333906331
s01,female,sentence,fortis,5.8689898849108415,260.6338566670231
s01,female,sentence,fortis,9.807265360992838,250.7072602180707
s01,female,sentence,fortis,15.304302879634607,268.70112058515485
s01,female,sentence,lenis,48.64938564349354,194.10864141496796
s01,female,sentence,lenis,34.87978834439228,198.68055647015785
s01,female,sentence,lenis,39.04679757994978,274.67232521769046
s01,female,sentence,lenis,63.69761941724572,263.4857086528924
s01,female,sentence,lenis,30.179022815576566,234.36076337079908
s01,female,sentence,lenis,37.37129700135134,227.47503923455236
s01,female,sentence,aspirated,45.089224940945584,279.9676796216265
s01,female,sentence,aspirated,76.90723823303415,280.25428664248284
s01,female,sentence,aspirated,42.902149422046826,255.94219110648123
s01,female,sentence,aspirated,124.1564609923049,294.0250406830416
s01,female,sentence,aspirated,31.808264082448492,270.357114580342
s01,female,sentence,aspirated,76.64270499232586,282.6700446194048
s02,female,isolation,fortis,19.92759926152185,227.39526370732463
s02,female,isolation,fortis,13.761800550690895,261.4519338832894
s02,female,isolation,fortis,13.70830451308872,238.06658146606284
s02,female,isolation,fortis,32.40721179571066,257.26327354812486
s02,female,isolation,fortis,11.226486660287245,255.09515581340793
s02,female,isolation,fortis,14.18950368459459,274.71295324115016
s02,female,isolation,lenis,99.46663680416593,201.31950596348207
s02,female,isolation,lenis,69.94107225595987,198.42954473896583
s02,female,isolation,lenis,72.69150976026482,189.1518055625675
s02,female,isolation,lenis,66.78216940972392,202.1243013583204
s02,female,isolation,lenis,43.65607706954569,201.31450985350352
s02,female,isolation,lenis,93.38742121255387,236.0665160409151
s02,female,isolation,aspirated,71.53435996307999,263.4619979197652
s02,female,isolation,aspirated,118.12257969485378,245.14139892210082
s02,female,isolation,aspirated,85.46127176967877,278.2432241091364
s02,female,isolation,aspirated,91.27264511969575,258.0325700987329
s02,female,isolation,aspirated,78.68405794634677,219.06810878096303
s02,female,isolation,aspirated,58.79014632096135,235.01265395404107
s02,female,sentence,fortis,15.430670206568825,268.93048764033307
s02,female,sentence,fortis,11.06864058441616,246.8722438531281
s02,female,sentence,fortis,9.449363723739438,292.3358207440982
s02,female,sentence,fortis,24.103026392417448,265.50178574994163
s02,female,sentence,fortis,12.121793279281864,260.15243489813383
s02,female,sentence,fortis,6.7478692281396135,248.59826124310683
s02,female,sentence,lenis,40.150831129384684,226.19870025536378
s02,female,sentence,lenis,10.659232842760316,203.57056401093072
s02,female,sentence,lenis,60.88536311380767,218.1680162110553
s02,female,sentence,lenis,28.276924061756098,186.42814746526315
s02,female,sentence,lenis,60.192920458381984,207.98488231880447
s02,female,sentence,lenis,39.314238817536975,221.69065534677125
s02,female,sentence,aspirated,28.11774442894495,302.4429727534863
s02,female,sentence,aspirated,47.326447620154255,312.21803336742846
s02,female,sentence,aspirated,78.2349819412821,281.03448030928377
s02,female,sentence,aspirated,50.111249448784974,267.9275754104482
s02,female,sentence,aspirated,45.67732893723595,293.7900328870356
s02,female,sentence,aspirated,85.31954968893021,327.78990266036703
s03,female,isolation,fortis,15.977323681863423,248.89464416941573
s03,female,isolation,fortis,3.3972652366174065,251.00194038258883
s03,female,isolation,fortis,13.690054515984944,244.77313727506103
s03,female,isolation,fortis,5.745844550451863,251.22051049535995
s03,female,isolation,fortis,6.020743038302886,237.91583323014964
s03,female,isolation,fortis,4.792768699945203,252.05361469692235
s03,female,isolation,lenis,46.546794054730896,237.80766560985708
s03,female,isolation,lenis,44.83782881651442,180.53948929293784
s03,female,isolation,lenis,63.64649278540002,246.28486192406382
s03,female,isolation,lenis,60.25109111986873,195.87450426870797
s03,female,isolation,lenis,33.109181665079724,235.65047158557235
s03,female,isolation,lenis,79.07903479344462,201.2677502060798
s03,female,isolation,aspirated,51.86866714131807,227.3795510101158
s03,female,isolation,aspirated,74.7374834887192,274.9321702114215
s03,female,isolation,aspirated,85.84025823454603,290.20975189183395
s03,female,isolation,aspirated,60.70361651649822,249.55840668470336
s03,female,isolation,aspirated,40.0481904877669,270.40205065316866
s03,female,isolation,aspirated,96.90035604128443,264.065133189635
s03,female,sentence,fortis,8.824528659141805,249.16458008863754
s03,female,sentence,fortis,6.7064908489344175,270.2183547335268
s03,female,sentence,fortis,16.93455850379421,237.62729736870057
s03,female,sentence,fortis,21.08960677344611,244.68218279631174
s03,female,sentence,fortis,2.703561596754693,275.4306124432848
s03,female,sentence,fortis,8.908214702089763,292.0936322793754
s03,female,sentence,lenis,50.28067925681189,232.66887469100266
s03,female,sentence,lenis,13.267353409462116,214.7168908736698
s03,female,sentence,lenis,81.5730492608001,246.23679681582945
s03,female,sentence,lenis,47.77132323272014,201.48627345342257
s03,female,sentence,lenis,60.47098266090623,206.3743716061329
s03,female,sentence,lenis,28.761958459230854,219.1865010054102
s03,female,sentence,aspirated,42.717420512981725,267.6615278166391
s03,female,sentence,aspirated,112.11573099046613,298.24351929227345
s03,female,sentence,aspirated,50.83371988380459,284.16384690885957
s03,female,sentence,aspirated,40.76860180954689,275.1211400790244
s03,female,sentence,aspirated,68.30653719965356,301.3549900086639
s03,female,sentence,aspirated,25.282194830428512,279.7623410627008
s04,female,isolation,fortis,18.755713122346336,227.8905214802854
s04,female,isolation,fortis,6.83661635041261,227.51447236720261
s04,female,isolation,fortis,13.31843558259594,255.7644769251708
s04,female,isolation,fortis,9.815732008123842,238.07373506569195
s04,female,isolation,fortis,4.095690763288044,243.74317449513688
s04,female,isolation,fortis,16.144328856948228,257.4141311085025
s04,female,isolation,lenis,120.10082133911318,210.4760517981842
s04,female,isolation,lenis,116.25823678279973,228.74119871965263
s04,female,isolation,lenis,58.58904676568132,189.41994002321846
s04,female,isolation,lenis,69.50740694753344,176.13924367870752
s04,female,isolation,lenis,31.950993168550045,237.41273846533278
s04,female,isolation,lenis,58.20431079645678,175.18798288438188
s04,female,isolation,aspirated,85.79807868852545,282.43025802342476
s04,female,isolation,aspirated,88.98922670625404,288.0639564045289
s04,female,isolation,aspirated,55.23218282621158,244.61311532463796
s04,female,isolation,aspirated,70.37642284431398,274.9331781744554
s04,female,isolation,aspirated,85.50915158801766,231.92315146627942
s04,female,isolation,aspirated,58.02092302024404,274.4145974672345
s04,female,sentence,fortis,8.18077243148405,270.7745305706915
s04,female,sentence,fortis,13.582762137654328,312.0328677297433
s04,female,sentence,fortis,12.049140594755702,256.1692186647685
s04,female,sentence,fortis,3.6042320425253713,260.77305820315564
s04,female,sentence,fortis,12.314230586654581,280.32091781411697
s04,female,sentence,fortis,9.157180617209896,257.77515397497933
s04,female,sentence,lenis,38.91491049731527,194.4177513064584
s04,female,sentence,lenis,63.99072570191568,229.6435977003082
s04,female,sentence,lenis,14.751211904916236,245.3199817299038
s04,female,sentence,lenis,61.450382938746614,222.0242036873218
s04,female,sentence,lenis,23.362040827112445,243.87127365117755
s04,female,sentence,lenis,11.144847934414233,216.99797254044648
s04,female,sentence,aspirated,40.51520483201454,315.12579424266244
s04,female,sentence,aspirated,51.61182801449124,297.5473994612799
s04,female,sentence,aspirated,30.478728716508762,263.173077004175
s04,female,sentence,aspirated,47.447537136735505,198.10587533275455
s04,female,sentence,aspirated,72.44465143039949,281.68917477920485
s04,female,sentence,aspirated,65.55224185537642,285.1234228593612
s05,female,isolation,fortis,11.63069720959226,246.0495407285748
s05,female,isolation,fortis,3.209020794478929,235.93372478763598
s05,female,isolation,fortis,13.209476592292058,235.3189257685057
s05,female,isolation,fortis,23.617183072422417,249.41076812842425
s05,female,isolation,fortis,4.21914761233697,267.60067357238523
s05,female,isolation,fortis,7.567452489706295,222.35239863030932
s05,female,isolation,lenis,60.87431674128659,219.39920432580368
s05,female,isolation,lenis,73.23542053677069,200.78780125523696
s05,female,isolation,lenis,59.967488382756514,186.03076752125332
s05,female,isolation,lenis,47.696530873781946,213.6079832933908
s05,female,isolation,lenis,73.05993893281286,215.18065496591277
s05,female,isolation,lenis,59.32093238962877,231.3168595051989
s05,female,isolation,aspirated,32.136000349430375,253.0176273706191
s05,female,isolation,aspirated,77.54848141965408,239.13673255491946
s05,female,isolation,aspirated,57.905043067815114,226.4636410651671
s05,female,isolation,aspirated,80.25604441431963,222.54402204351152
s05,female,isolation,aspirated,58.46055448249859,258.4295904793849
s05,female,isolation,aspirated,85.62635331352281,232.66997798173176
s05,female,sentence,fortis,13.064951637369992,285.3016823283797
s05,female,sentence,fortis,5.679387132106206,278.86965922510666
s05,female,sentence,fortis,17.26653550482887,268.58124891353685
s05,female,sentence,fortis,11.401342119393897,267.8426887087659
s05,female,sentence,fortis,9.071218902670502,256.9793624880158
s05,female,sentence,fortis,7.881608208831716,264.05686920692153
s05,female,sentence,lenis,30.386290332957984,195.8327167697595
s05,female,sentence,lenis,64.9282055627794,176.36150999219672
s05,female,sentence,lenis,91.6472000735658,225.63734420753926
s05,female,sentence,lenis,21.585998026630982,225.46474560374227
s05,female,sentence,lenis,15.46554300639694,227.25401536349275
s05,female,sentence,lenis,26.142050980544315,229.9221611901651
s05,female,sentence,aspirated,28.475680389578198,342.41635162771195
s05,female,sentence,aspirated,92.87837390732076,310.27152346581994
s05,female,sentence,aspirated,55.04150635709456,279.7169667486881
s05,female,sentence,aspirated,87.01825022157728,264.0140188498629
s05,female,sentence,aspirated,56.19589001325346,322.6752740608709
s05,female,sentence,aspirated,21.515569094122508,342.04904984000086
s06,female,isolation,fortis,2.629684080101352,259.26027373528115
s06,female,isolation,fortis,8.104800173367623,248.34688422906518
s06,female,isolation,fortis,7.1842206382066145,231.8714942608025
s06,female,isolation,fortis,12.318105560114844,238.78081627178912
s06,female,isolation,fortis,22.449222733737628,236.30889852162767
s06,female,isolation,fortis,15.716393636236466,245.82872911301925
s06,female,isolation,lenis,52.78394490848327,233.77346841426757
s06,female,isolation,lenis,49.17137576261106,190.28963785438182
s06,female,isolation,lenis,92.06490114317464,194.42321426320663
s06,female,isolation,lenis,44.92670818889819,203.1078155361824
s06,female,isolation,lenis,82.51847310090035,234.83549532699124
s06,female,isolation,lenis,28.995562761228058,201.8044401148646
s06,female,isolation,aspirated,72.63982902059296,267.2776459254162
s06,female,isolation,aspirated,90.23888667325524,262.4730912888269
s06,female,isolation,aspirated,56.901271642960864,236.01791642723308
s06,female,isolation,aspirated,63.32081479690128,251.79276796728857
s06,female,isolation,aspirated,85.5236618236197,247.31617980529543
s06,female,isolation,aspirated,63.720578504709216,242.3908415516198
s06,female,sentence,fortis,11.231092106416787,247.63629233936288
s06,female,sentence,fortis,2.4876887499851232,286.33463640012485
s06,female,sentence,fortis,11.91596096100577,235.815816078535
s06,female,sentence,fortis,23.700173546435682,271.87888084092015
s06,female,sentence,fortis,5.239256511092585,242.07796056376958
s06,female,sentence,fortis,16.278353928805483,278.9030400226838
s06,female,sentence,lenis,67.7105165396266,213.40876975318534
s06,female,sentence,lenis,38.65759507936731,243.85211895318594
s06,female,sentence,lenis,13.871377608667984,215.87675201316935
s06,female,sentence,lenis,39.9247620660709,199.0481096297495
s06,female,sentence,lenis,47.35459962207705,230.01579197532837
s06,female,sentence,lenis,8.457338221374359,233.46408143101132
s06,female,sentence,aspirated,39.844011285975604,332.9068365557962
s06,female,sentence,aspirated,73.82642677760127,268.1292819192391
s06,female,sentence,aspirated,62.48156148587277,284.2159756580009
s06,female,sentence,aspirated,21.263246747269985,292.8609551299805
s06,female,sentence,aspirated,67.18176251296187,278.6526125486576
s06,female,sentence,aspirated,76.46923671227029,259.8228229840168
s07,female,isolation,fortis,8.747506715801029,251.29143530895408
s07,female,isolation,fortis,12.98871510960704,242.3639870358474
s07,female,isolation,fortis,2.8611219027081414,247.55133488701736
s07,female,isolation,fortis,17.294630144630627,214.82501175396058
s07,female,isolation,fortis,2.687667618726802,233.35247610593007
s07,female,isolation,fortis,13.847925768920486,254.90460551942286
s07,female,isolation,lenis,65.92379068497489,225.79309751552873
s07,female,isolation,lenis,28.185110134151174,177.63472936260456
s07,female,isolation,lenis,42.28643648238223,188.98425863644374
s07,female,isolation,lenis,41.56149302989126,205.0362680470571
s07,female,isolation,lenis,67.34718525292038,200.4539580554097
s07,female,isolation,lenis,41.986161590859304,195.13630738477556
s07,female,isolation,aspirated,78.7172271209494,256.4699952626323
s07,female,isolation,aspirated,101.22268183183736,259.4319091250818
s07,female,isolation,aspirated,83.50567738882637,223.9260779782993
s07,female,isolation,aspirated,116.07271823366155,234.3840004038717
s07,female,isolation,aspirated,65.82057098999337,235.7652521647192
s07,female,isolation,aspirated,65.02285828799025,282.6366268882885
s07,female,sentence,fortis,8.254867214743774,257.02225273107547
s07,female,sentence,fortis,16.119004635172214,256.4867597802273
s07,female,sentence,fortis,6.49258191983481,284.4671225756778
s07,female,sentence,fortis,16.56801532939876,262.06163155370905
s07,female,sentence,fortis,9.21634387526923,293.79662389282385
s07,female,sentence,fortis,7.681140999832318,256.58593916007374
s07,female,sentence,lenis,84.358629082201,254.6466617851986
s07,female,sentence,lenis,25.4299330475101,257.8919974205471
s07,female,sentence,lenis,10.247737817298924,221.38390078013947
s07,female,sentence,lenis,38.631538296104665,188.75211309866086
s07,female,sentence,lenis,28.09530596516724,263.7977147396929
s07,female,sentence,lenis,67.29964095870935,198.91483550537512
s07,female,sentence,aspirated,52.089225266271214,295.15095693872865
s07,female,sentence,aspirated,45.941104337621,282.91645914627503
s07,female,sentence,aspirated,52.494581362405896,249.015956465462
s07,female,sentence,aspirated,54.897370188577625,254.46373460854247
s07,female,sentence,aspirated,27.839576192893208,327.55484820381537
s07,female,sentence,aspirated,39.001221458373585,263.3566830669493
s08,female,isolation,fortis,5.583524867081476,239.34750617239138
s08,female,isolation,fortis,17.91051060883209,221.86267948294204
s08,female,isolation,fortis,13.073070168261124,246.59880451668587
s08,female,isolation,fortis,13.546318374023494,244.16717811747955
s08,female,isolation,fortis,3.0812511097452564,267.5036409862487
s08,female,isolation,fortis,2.2096428044115415,278.2246631600367
s08,female,isolation,lenis,69.14199724712495,212.34860858319985
s08,female,isolation,lenis,54.03334108060294,244.3638374300557
s08,female,isolation,lenis,83.28801516236263,216.47670878754923
s08,female,isolation,lenis,47.969943004409636,192.23751290434956
s08,female,isolation,lenis,40.426109147171175,211.89190984849358
s08,female,isolation,lenis,45.285562669082836,239.39904699693884
s08,female,isolation,aspirated,78.01323871094651,274.65550258836123
s08,female,isolation,aspirated,79.6043569824872,289.5944866427435
s08,female,isolation,aspirated,70.33562977388779,275.206624979546
s08,female,isolation,aspirated,98.69801745775356,266.26574274586346
s08,female,isolation,aspirated,47.19540094717125,253.850365231277
s08,female,isolation,aspirated,73.88569310377325,207.5987185460183
s08,female,sentence,fortis,35.06818842850348,279.8008303512113
s08,female,sentence,fortis,1.1793932069980109,280.65087676026644
s08,female,sentence,fortis,3.49552115118202,249.54092583693904
s08,female,sentence,fortis,7.049127229747487,277.1263472984468
s08,female,sentence,fortis,9.928004656709838,258.6555825060987
s08,female,sentence,fortis,5.090305396448098,266.73747007265683
s08,female,sentence,lenis,14.921684438578604,233.44081810953537
s08,female,sentence,lenis,72.55384646419658,248.7340446462499
s08,female,sentence,lenis,52.32381126796934,264.7697792019522
s08,female,sentence,lenis,30.040023787317015,256.2675038805698
s08,female,sentence,lenis,53.717600893520235,181.36991347895676
s08,female,sentence,lenis,38.91754030648591,194.9341407192799
s08,female,sentence,aspirated,37.37292673154653,242.1416421199597
s08,female,sentence,aspirated,83.53452661332663,287.14914682135276
s08,female,sentence,aspirated,44.839110317735454,296.05047432421264
s08,female,sentence,aspirated,34.570788322233334,298.0107528529169
s08,female,sentence,aspirated,60.91267197638892,294.7719213698818
s08,female,sentence,aspirated,44.72421746795725,269.5080643992458
s09,female,isolation,fortis,11.832400432000137,250.31356669568717
s09,female,isolation,fortis,18.125073291931255,240.2771174436956
s09,female,isolation,fortis,7.159932699850343,248.91434835600168
s09,female,isolation,fortis,18.82041189095435,245.0275274860293
s09,female,isolation,fortis,35.6144107197858,244.03075640265573
s09,female,isolation,fortis,41.641663137818625,264.0731198919911
s09,female,isolation,lenis,33.262069005276814,196.36986550764814
s09,female,isolation,lenis,49.452825577269884,207.15911895189072
s09,female,isolation,lenis,89.81876811351657,229.00065004566676
s09,female,isolation,lenis,74.85223695215687,205.51272297121105
s09,female,isolation,lenis,65.05165122200673,194.45428749033223
s09,female,isolation,lenis,71.49629542141511,202.81636067362842
s09,female,isolation,aspirated,57.80724197668875,250.191888255044
s09,female,isolation,aspirated,46.59474791438876,232.1083740490779
s09,female,isolation,aspirated,70.61094705492809,265.77659249698274
s09,female,isolation,aspirated,67.44646548140186,254.64955242899887
s09,female,isolation,aspirated,65.89420558030056,219.97161278857894
s09,female,isolation,aspirated,54.348433173005816,259.3227428764177
s09,female,sentence,fortis,26.574852781097164,284.76636024521906
s09,female,sentence,fortis,10.78760936618597,260.1519521121437
s09,female,sentence,fortis,20.18664153522604,246.4948280255677
s09,female,sentence,fortis,7.753222696608975,284.9883150306367
s09,female,sentence,fortis,16.994501470792702,222.67650186034598
s09,female,sentence,fortis,22.14109606522622,247.9045677912406
s09,female,sentence,lenis,83.20470615437232,220.14058127119202
s09,female,sentence,lenis,33.68920478755756,205.19380963348624
s09,female,sentence,lenis,63.49631159750939,209.39109508145478
s09,female,sentence,lenis,29.663388333447433,229.18168427293247
s09,female,sentence,lenis,59.31553578461541,193.12543766423136
s09,female,sentence,lenis,47.3149638346432,190.32733764799332
s09,female,sentence,aspirated,37.43174313931913,280.5883050655113
s09,female,sentence,aspirated,29.951671504222258,328.5853659070683
s09,female,sentence,aspirated,20.18869184071788,304.34953484894857
s09,female,sentence,aspirated,32.07476752880279,298.62155308872923
s09,female,sentence,aspirated,71.62683367945414,307.04604153990005
s09,female,sentence,aspirated,51.009034200911046,243.3484517800923
s10,female,isolation,fortis,22.280812695926763,257.57512616632823
s10,female,isolation,fortis,20.940072298674178,230.26355493179412
s10,female,isolation,fortis,9.514163061771793,242.81951194035292
s10,female,isolation,fortis,8.514768098973153,220.8981594466346
s10,female,isolation,fortis,2.2050078107354216,234.78716607726744
s10,female,isolation,fortis,10.08420458034597,276.12157204625856
s10,female,isolation,lenis,53.85648518634455,224.7070222702427
s10,female,isolation,lenis,54.29105023203097,202.9980926664299
s10,female,isolation,lenis,59.28478180238931,197.07811231625212
s10,female,isolation,lenis,85.50162997863819,197.131452355398
s10,female,isolation,lenis,86.95130755195773,218.0513471840565
s10,female,isolation,lenis,54.96687755676129,196.56940961727474
s10,female,isolation,aspirated,66.360852856185,245.15943248219776
s10,female,isolation,aspirated,43.385107797688846,242.26438894480066
s10,female,isolation,aspirated,101.83368679406695,267.48922121500755
s10,female,isolation,aspirated,121.01929517023565,241.60086795246994
s10,female,isolation,aspirated,23.166391041156345,270.5305247420032
s10,female,isolation,aspirated,62.73761398614605,255.6207090143773
s10,female,sentence,fortis,23.522132339761175,274.8111490457592
s10,female,sentence,fortis,10.656669182753097,247.6560270585935
s10,female,sentence,fortis,8.383387028700312,233.03740632321578
s10,female,sentence,fortis,10.2961867357738,261.77843524964504
s10,female,sentence,fortis,12.092779788141254,263.6398926933791
s10,female,sentence,fortis,16.879067352061174,268.4192458776596
s10,female,sentence,lenis,59.34174982263593,250.73946881868386
s10,female,sentence,lenis,21.038650493867834,245.61849825860426
s10,female,sentence,lenis,34.1132684608499,221.5117094413661
s10,female,sentence,lenis,54.068385735060765,236.2149103608863
s10,female,sentence,lenis,35.33274576689173,188.0756946466636
s10,female,sentence,lenis,23.227849032548015,235.5377226785494
s10,female,sentence,aspirated,27.23862050765059,292.77543446608263
s10,female,sentence,aspirated,55.480924186152464,233.1358979965711
s10,female,sentence,aspirated,44.651303264150854,284.9660204223925
s10,female,sentence,aspirated,30.477948513597696,243.0978571893001
s10,female,sentence,aspirated,25.590739456908125,293.5399276533443
s10,female,sentence,aspirated,66.9106543023026,313.1288949705905
s11,female,isolation,fortis,13.411972792934833,215.96141953712032
s11,female,isolation,fortis,7.844161628170473,242.5544665684439
s11,female,isolation,fortis,2.8420592156357585,246.00531199393788
s11,female,isolation,fortis,1.6614764777348452,258.8056519195706
s11,female,isolation,fortis,4.281453284125056,237.11505959934084
s11,female,isolation,fortis,24.049057939199148,261.6411729614876
s11,female,isolation,lenis,51.87644214144007,212.0686859154308
s11,female,isolation,lenis,41.86529179205117,231.52541368106313
s11,female,isolation,lenis,83.8299077436787,207.3302773432198
s11,female,isolation,lenis,66.20046340449338,225.05109925386972
s11,female,isolation,lenis,43.36492675288398,219.02430805827157
s11,female,isolation,lenis,94.99924789838023,207.3061054451892
s11,female,isolation,aspirated,61.037476891978415,241.57123307398902
s11,female,isolation,aspirated,64.4046270160151,249.31560402920735
s11,female,isolation,aspirated,96.54828535214149,255.20128971658767
s11,female,isolation,aspirated,78.61000014024629,272.1467837705112
s11,female,isolation,aspirated,83.10994009717707,240.20187884674655
s11,female,isolation,aspirated,105.25662400930895,261.7697597092723
s11,female,sentence,fortis,22.531698291838108,237.39758758117352
s11,female,sentence,fortis,15.649580928516404,300.6642915815744
s11,female,sentence,fortis,11.537357842974544,282.9631852709606
s11,female,sentence,fortis,12.605254179928284,222.66827338505774
s11,female,sentence,fortis,8.585983032837788,241.15930146184715
s11,female,sentence,fortis,13.873070553865428,229.12490852799417
s11,female,sentence,lenis,35.13530850522827,201.81009040824722
s11,female,sentence,lenis,45.94727550115382,270.20337627145136
s11,female,sentence,lenis,46.63948987944755,222.26874509896396
s11,female,sentence,lenis,92.5355779070699,197.51240080896443
s11,female,sentence,lenis,41.90005431239169,227.5777512716989
s11,female,sentence,lenis,33.328090680003754,226.92806795720617
s11,female,sentence,aspirated,30.513135342536355,270.57049527405155
s11,female,sentence,aspirated,42.308203768485114,321.80619685485294
s11,female,sentence,aspirated,20.250504104207735,295.26135448597756
s11,female,sentence,aspirated,74.06866569638467,265.1309787381706
s11,female,sentence,aspirated,54.747915538078125,285.6561947658212
s11,female,sentence,aspirated,83.4477912305377,229.40353447946984
s12,female,isolation,fortis,3.8598223169260555,241.93530194928098
s12,female,isolation,fortis,6.860566546120906,257.6317270204873
s12,female,isolation,fortis,16.273962851766502,236.42849320562118
s12,female,isolation,fortis,4.981421674992276,243.17134041746056
s12,female,isolation,fortis,16.355698668136554,251.86113719253203
s12,female,isolation,fortis,8.570185874197039,266.2693080083291
s12,female,isolation,lenis,43.51831595182518,210.68639609220287
s12,female,isolation,lenis,70.62797016140608,188.45771182964378
s12,female,isolation,lenis,25.632624814500822,261.6638355697388
s12,female,isolation,lenis,62.42949291490857,225.9063112186003
s12,female,isolation,lenis,88.37198102664206,243.7261204089449
s12,female,isolation,lenis,38.90794968943363,200.0008094107803
s12,female,isolation,aspirated,52.458417435083206,256.2841158805302
s12,female,isolation,aspirated,78.08000397121685,249.12040453252393
s12,female,isolation,aspirated,70.5941575740394,227.68529629062365
s12,female,isolation,aspirated,96.02499835522248,286.63573020989907
s12,female,isolation,aspirated,93.52950232106457,271.34819613533784
s12,female,isolation,aspirated,98.56110567678053,256.6110382303555
s12,female,sentence,fortis,10.771185080554174,247.52331306607687
s12,female,sentence,fortis,11.852727832104472,289.84563883023236
s12,female,sentence,fortis,6.627048901012169,262.25444090365426
s12,female,sentence,fortis,14.740796000366092,258.73775880214
s12,female,sentence,fortis,14.14702218608297,283.56406951535746
s12,female,sentence,fortis,21.343428316841177,239.83118464808547
s12,female,sentence,lenis,35.44859420568902,279.8065454495669
s12,female,sentence,lenis,70.06219796379223,211.67550587078924
s12,female,sentence,lenis,54.66911569966917,235.84009646103095
s12,female,sentence,lenis,35.785858549529244,252.8388622429561
s12,female,sentence,lenis,66.1283047011772,228.01325480948793
s12,female,sentence,lenis,34.56664762496253,244.85551550939527
s12,female,sentence,aspirated,38.89077376867083,278.7294587745213
s12,female,sentence,aspirated,52.10932990639688,288.6621492707845
s12,female,sentence,aspirated,54.925486576045095,304.68976833863826
s12,female,sentence,aspirated,90.40052315002528,289.8650639181767
s12,female,sentence,aspirated,82.81160771330819,300.3383816400157
s12,female,sentence,aspirated,24.381824930750174,321.9948494272277
s13,female,isolation,fortis,20.980059060796105,249.0245071822051
s13,female,isolation,fortis,19.94200253960893,223.21803232396604
s13,female,isolation,fortis,5.957360985117457,246.66185289622368
s13,female,isolation,fortis,3.677877747577959,233.36445480751377
s13,female,isolation,fortis,16.898909457350864,240.1479001480435
s13,female,isolation,fortis,8.634518440227039,246.82616543321393
s13,female,isolation,lenis,58.72161339257726,216.71685821660947
s13,female,isolation,lenis,61.37055345462721,203.95598441907288
s13,female,isolation,lenis,60.766138524699215,235.54420898846917
s13,female,isolation,lenis,89.03101397289822,180.19675715255124
s13,female,isolation,lenis,77.18196823489282,171.69989795520135
s13,female,isolation,lenis,58.573119274406295,169.29415382994785
s13,female,isolation,aspirated,63.86131228811247,216.35760320969302
s13,female,isolation,aspirated,68.79155455635203,253.07735180915572
s13,female,isolation,aspirated,47.91483756752839,271.07878735845804
s13,female,isolation,aspirated,34.873268443300205,262.3593376578758
s13,female,isolation,aspirated,74.22630379675537,266.82771161752555
s13,female,isolation,aspirated,67.13053063196897,274.5649468395871
s13,female,sentence,fortis,27.17815640167132,302.0508004744396
s13,female,sentence,fortis,24.416318179913368,302.83157666519367
s13,female,sentence,fortis,22.30965227398509,268.3599819039112
s13,female,sentence,fortis,9.599875576617919,278.40209297805495
s13,female,sentence,fortis,10.449181160110413,283.6259670458182
s13,female,sentence,fortis,3.7366249777070064,292.2651977831375
s13,female,sentence,lenis,27.124805113418436,233.1152245382739
s13,female,sentence,lenis,64.47849321072847,223.4496547715006
s13,female,sentence,lenis,21.236381294237496,211.24257902691377
s13,female,sentence,lenis,52.24446654833676,223.39817848983947
s13,female,sentence,lenis,98.27183119758878,199.0496921305052
s13,female,sentence,lenis,27.58031037882744,252.93673111295482
s13,female,sentence,aspirated,26.110303572673818,233.45401745549992
s13,female,sentence,aspirated,59.59089773911981,242.98076344357906
s13,female,sentence,aspirated,58.006644886902265,335.340551810485
s13,female,sentence,aspirated,32.798369054888575,282.1918720795596
s13,female,sentence,aspirated,49.06877426706274,291.8480184695738
s13,female,sentence,aspirated,88.79929006606214,345.47587082027303
s14,female,isolation,fortis,9.292325134240222,265.2420436338878
s14,female,isolation,fortis,9.843672080070796,246.56130414571868
s14,female,isolation,fortis,7.99908137276208,269.07818015734716
s14,female,isolation,fortis,3.7357663102623775,246.3231438611232
s14,female,isolation,fortis,14.001341097003941,249.6596293819844
s14,female,isolation,fortis,23.40440922757016,226.46402220330808
s14,female,isolation,lenis,102.02060257632014,185.6108014692083
s14,female,isolation,lenis,51.27282173895456,244.76120895182515
s14,female,isolation,lenis,60.852756118149635,237.03197629333775
s14,female,isolation,lenis,60.54827264607043,210.2678799156032
s14,female,isolation,lenis,43.36902246488821,213.7332445924841
s14,female,isolation,lenis,47.97094926247164,198.8673067053563
s14,female,isolation,aspirated,57.37358627563677,228.73916354005834
s14,female,isolation,aspirated,70.08537350053341,292.6349902180571
s14,female,isolation,aspirated,68.61260771667001,239.22304548970772
s14,female,isolation,aspirated,101.07625754569116,240.8908530894765
s14,female,isolation,aspirated,71.71118396371179,251.34790547736597
s14,female,isolation,aspirated,73.0931337173673,219.38826051022664
s14,female,sentence,fortis,2.7982715669325646,258.8156164597682
s14,female,sentence,fortis,9.042515604605422,310.6111419928321
s14,female,sentence,fortis,13.52938356935426,309.45315689749214
s14,female,sentence,fortis,5.138662273534671,256.9666159798151
s14,female,sentence,fortis,23.050619206290786,309.30425149243655
s14,female,sentence,fortis,24.100608959489378,243.87470234397534
s14,female,sentence,lenis,25.4117283734826,214.8521233638824
s14,female,sentence,lenis,39.632312026682854,213.87223480980714
s14,female,sentence,lenis,57.18716602671001,192.85042278590709
s14,female,sentence,lenis,76.22952084570026,263.9717565376221
s14,female,sentence,lenis,24.52828002874846,210.74370859364856
s14,female,sentence,lenis,26.422912373752887,224.77582405137113
s14,female,sentence,aspirated,41.42959557902531,324.42314950384326
s14,female,sentence,aspirated,27.055897968921062,308.13399173078335
s14,female,sentence,aspirated,42.69867549185237,338.33670492070956
s14,female,sentence,aspirated,50.54031934238748,292.9348062155081
s14,female,sentence,aspirated,45.76844620897042,283.11570374808286
s14,female,sentence,aspirated,76.6800992621768,276.4988210332437
s15,female,isolation,fortis,26.07948769850714,233.7237261352074
s15,female,isolation,fortis,3.284886749390387,214.82934026018802
s15,female,isolation,fortis,13.375672415725717,239.65419651239174
s15,female,isolation,fortis,4.181803806915132,237.11977917499422
s15,female,isolation,fortis,22.891493489750154,228.25999087831212
s15,female,isolation,fortis,13.0765927552277,255.66676490266926
s15,female,isolation,lenis,68.90174055630429,214.37946668693732
s15,female,isolation,lenis,23.454807652487208,200.77688385985854
s15,female,isolation,lenis,40.91603613767925,167.54216362511224
s15,female,isolation,lenis,61.12526851352002,201.01819223327374
s15,female,isolation,lenis,41.03016775712808,247.93813572177584
s15,female,isolation,lenis,73.3450308616755,193.70936002225713
s15,female,isolation,aspirated,68.53846337620493,276.251142891668
s15,female,isolation,aspirated,69.41622364293721,291.7336255313388
s15,female,isolation,aspirated,48.944771745317375,257.4072421925426
s15,female,isolation,aspirated,130.58578039365383,241.3079907911702
s15,female,isolation,aspirated,64.68807406837477,276.2036519656724
s15,female,isolation,aspirated,74.82170629142709,269.0195987094172
s15,female,sentence,fortis,8.299514708327532,243.80613040788663
s15,female,sentence,fortis,7.11520760929139,305.708916678475
s15,female,sentence,fortis,10.553099786278219,264.38823388957456
s15,female,sentence,fortis,10.693201653906419,296.59743636321974
s15,female,sentence,fortis,1.6965850962009443,266.41202742295195
s15,female,sentence,fortis,9.387909344920665,281.9311043442237
s15,female,sentence,lenis,63.00138362748417,230.93469585268065
s15,female,sentence,lenis,51.16822798228758,188.94100727050505
s15,female,sentence,lenis,49.52308024138626,190.57851180142356
s15,female,sentence,lenis,24.348675319767818,213.86884628957284
s15,female,sentence,lenis,22.60940493250577,195.86132657778643
s15,female,sentence,lenis,49.05960472975939,190.88697607321473
s15,female,sentence,aspirated,45.25492299048516,332.74936555313184
s15,female,sentence,aspirated,44.068253469099005,269.85293193070066
s15,female,sentence,aspirated,80.79849793914332,297.88273497136504
s15,female,sentence,aspirated,110.75982811415012,316.0932107320106
s15,female,sentence,aspirated,17.92934979420632,304.29365074497343
s15,female,sentence,aspirated,44.4095048838755,283.57751418325586
s16,female,isolation,fortis,24.027895959065585,290.7640651051165
s16,female,isolation,fortis,11.275511577819584,279.95822877630894
s16,female,isolation,fortis,10.472200561803792,256.5489006581632
s16,female,isolation,fortis,12.40009489192835,278.0841442701325
s16,female,isolation,fortis,13.356477604125216,245.68120376168167
s16,female,isolation,fortis,16.928905705961512,221.1724111135894
s16,female,isolation,lenis,50.183665959403335,228.73038094348917
s16,female,isolation,lenis,48.28085606319033,220.18523897419513
s16,female,isolation,lenis,45.13014800456945,201.2608707629479
s16,female,isolation,lenis,52.014990510663296,210.58123193259144
s16,female,isolation,lenis,35.01785234840338,198.01848079440694
s16,female,isolation,lenis,54.71086937664894,181.29190105240139
s16,female,isolation,aspirated,63.48620669568448,239.19334180148036
s16,female,isolation,aspirated,79.02272082719993,267.74566004435707
s16,female,isolation,aspirated,88.89879540994407,263.9158192449271
s16,female,isolation,aspirated,68.09247788715678,235.99022729196318
s16,female,isolation,aspirated,78.41353582019424,236.27926149576095
s16,female,isolation,aspirated,56.79497186328266,255.13323011060623
s16,female,sentence,fortis,13.863926182592202,286.2362805422058
s16,female,sentence,fortis,4.306181514666338,276.28476806151434
s16,female,sentence,fortis,43.6646977123096,250.36254654966268
s16,female,sentence,fortis,21.391403204969546,272.12581205088804
s16,female,sentence,fortis,10.352631671268485,266.07395314090274
s16,female,sentence,fortis,1.1245849462941546,267.21474708303504
s16,female,sentence,lenis,39.59648828161982,203.9449904185317
s16,female,sentence,lenis,23.85951640127397,245.74841221498855
s16,female,sentence,lenis,64.03910206332833,202.99020705708045
s16,female,sentence,lenis,54.24461629199924,209.70256483727718
s16,female,sentence,lenis,89.82103210898198,227.0685625695601
s16,female,sentence,lenis,60.79635901022914,251.85807312701587
s16,female,sentence,aspirated,30.55413846302818,274.4449464154226
s16,female,sentence,aspirated,24.13576464968037,289.4980872615022
s16,female,sentence,aspirated,38.5500241267664,274.21525221006186
s16,female,sentence,aspirated,41.067156260262344,300.90460621239106
s16,female,sentence,aspirated,80.59691413132164,300.69239911333136
s16,female,sentence,aspirated,43.3164053760444,287.0462534020107
s17,female,isolation,fortis,8.187850379742558,253.6013872560165
s17,female,isolation,fortis,14.24172574720333,249.69303898504245
s17,female,isolation,fortis,7.390680156904117,258.9154563363057
s17,female,isolation,fortis,12.680988786975432,291.4275126039082
s17,female,isolation,fortis,16.54966931590999,245.26158110143402
s17,female,isolation,fortis,16.909824754998652,236.8787301381908
s17,female,isolation,lenis,24.151386724889694,207.83980394717793
s17,female,isolation,lenis,64.61892048978365,216.2255702720491
s17,female,isolation,lenis,57.64910603287345,210.57648916579652
s17,female,isolation,lenis,69.57259241647384,208.78490303143712
s17,female,isolation,lenis,52.64274082982274,193.12734313881344
s17,female,isolation,lenis,40.40535401757956,225.0494623379082
s17,female,isolation,aspirated,66.10831736725218,277.1002152980682
s17,female,isolation,aspirated,72.44458315955768,244.6455169447609
s17,female,isolation,aspirated,57.802526850390606,277.31557045809245
s17,female,isolation,aspirated,87.32842068021107,206.68867705127457
s17,female,isolation,aspirated,56.37350317227554,243.59099785361252
s17,female,isolation,aspirated,85.4891850595934,233.9036749359428
s17,female,sentence,fortis,28.053875662672546,266.7003552409308
s17,female,sentence,fortis,8.30146384872289,232.31922550752165
s17,female,sentence,fortis,8.638481454487016,286.35303975885233
s17,female,sentence,fortis,10.931488323201917,255.90135737858535
s17,female,sentence,fortis,11.962049678183494,258.75413099996837
s17,female,sentence,fortis,9.31943087681573,321.67910349612254
s17,female,sentence,lenis,73.86737843761367,212.76018666671646
s17,female,sentence,lenis,56.69109028621406,217.63092057911155
s17,female,sentence,lenis,44.73369895077617,224.88242950240527
s17,female,sentence,lenis,57.05526547053593,206.63212692495568
s17,female,sentence,lenis,43.206513566642684,220.97813422224584
s17,female,sentence,lenis,31.32622943655758,224.98845905303867
s17,female,sentence,aspirated,64.79998770414555,327.4999814972956
s17,female,sentence,aspirated,27.048734182911616,305.4524286336192
s17,female,sentence,aspirated,60.0613753204547,244.991513820181
s17,female,sentence,aspirated,47.01396407156008,268.718852043591
s17,female,sentence,aspirated,122.53277789713198,288.76293966317206
s17,female,sentence,aspirated,88.62095367964397,304.4172952125188
s18,female,isolation,fortis,7.0214581555186815,283.5569852047189
s18,female,isolation,fortis,10.25295695321446,283.3195165463461
s18,female,isolation,fortis,22.764965436254744,244.77282577547336
s18,female,isolation,fortis,13.322487174846763,224.26164309216847
s18,female,isolation,fortis,7.689788092060313,262.63743229256073
s18,female,isolation,fortis,9.259916721955646,257.1387111185722
s18,female,isolation,lenis,42.901944856128395,187.7431580227826
s18,female,isolation,lenis,39.64565046561977,225.44292010256828
s18,female,isolation,lenis,52.7941452243538,219.89856647635793
s18,female,isolation,lenis,61.95241300859534,193.71059904752704
s18,female,isolation,lenis,80.94136910484109,218.06162766770788
s18,female,isolation,lenis,43.98204454382921,227.61274551122227
s18,female,isolation,aspirated,80.7044553384351,297.86732865240185
s18,female,isolation,aspirated,38.20168721591301,244.42350520923335
s18,female,isolation,aspirated,49.30964086704103,244.32811397500825
s18,female,isolation,aspirated,90.56250394776809,243.54200902428124
s18,female,isolation,aspirated,76.91521089453182,242.8174282560621
s18,female,isolation,aspirated,60.62588340920677,247.96968721179812
s18,female,sentence,fortis,27.428769882214183,254.1802137163884
s18,female,sentence,fortis,17.590132964453826,297.8182889192182
s18,female,sentence,fortis,4.558510802928495,234.78190967819103
s18,female,sentence,fortis,29.284320496824456,250.86873053563662
s18,female,sentence,fortis,27.008472139517128,281.1879221108007
s18,female,sentence,fortis,8.947388022366392,296.89023570728284
s18,female,sentence,lenis,33.64508190326246,242.60659567509938
s18,female,sentence,lenis,29.77900540235963,217.12301406957678
s18,female,sentence,lenis,43.609922105403044,207.7776828018109
s18,female,sentence,lenis,133.66190964213533,257.3527477391032
s18,female,sentence,lenis,40.97318842884616,232.01856463770994
s18,female,sentence,lenis,59.82095548285747,225.79338749337163
s18,female,sentence,aspirated,59.60790784899067,273.04564697486495
s18,female,sentence,aspirated,28.889528692516212,300.3124360930057
s18,female,sentence,aspirated,35.51144295818828,240.95203878154447
s18,female,sentence,aspirated,26.922620725582554,323.25044862625737
s18,female,sentence,aspirated,99.47217883051243,289.2133681802326
s18,female,sentence,aspirated,42.674979445947486,310.06414519003795
s19,male,isolation,fortis,10.67014189646888,128.48508903254793
s19,male,isolation,fortis,34.40877147598285,116.19504100142301
s19,male,isolation,fortis,11.506437964000389,120.76915731799811
s19,male,isolation,fortis,28.623637842061427,151.77209678407272
s19,male,isolation,fortis,13.709699219917939,152.92058099509836
s19,male,isolation,fortis,6.73178923951807,155.56052767619983
s19,male,isolation,lenis,89.07222282756922,102.64888288872797
s19,male,isolation,lenis,79.14708626753465,129.56070375807042
s19,male,isolation,lenis,46.40788112255916,108.38343667768243
s19,male,isolation,lenis,37.91609984776214,116.95296361203009
s19,male,isolation,lenis,77.00703841044245,126.59305935785275
s19,male,isolation,lenis,69.62436885248678,137.32745462339878
s19,male,isolation,aspirated,91.52729116956077,136.09441327567114
s19,male,isolation,aspirated,69.70625616755096,147.4119065602673
s19,male,isolation,aspirated,77.96696787079051,143.98213577745307
s19,male,isolation,aspirated,69.99373257822597,194.4959891120966
s19,male,isolation,aspirated,87.82117179278899,173.27943364715338
s19,male,isolation,aspirated,49.84477881724351,153.56006274683227
s19,male,sentence,fortis,23.058871069924173,147.1021904118366
s19,male,sentence,fortis,27.012458589882044,169.03517264898045
s19,male,sentence,fortis,33.31682662697581,138.43642978823084
s19,male,sentence,fortis,16.279826049821654,166.09018763820006
s19,male,sentence,fortis,32.302706000693455,167.30136865291286
s19,male,sentence,fortis,6.96902198036124,84.97089745726359
s19,male,sentence,lenis,22.72292156795095,113.00495257802909
s19,male,sentence,lenis,63.23162380194516,137.25244642052076
s19,male,sentence,lenis,55.60351220935431,117.56771048685123
s19,male,sentence,lenis,36.814414702486765,146.14834859258679
s19,male,sentence,lenis,34.550466378253475,96.22383092617244
s19,male,sentence,lenis,52.550740002123945,102.92989458425315
s19,male,sentence,aspirated,52.520044398050345,146.09186788723756
s19,male,sentence,aspirated,42.68775808286472,156.80339690656587
s19,male,sentence,aspirated,67.69387473341321,172.51762617573706
s19,male,sentence,aspirated,77.30834539499588,172.8198059727161
s19,male,sentence,aspirated,100.32508366907831,176.70543444997878
s19,male,sentence,aspirated,77.55963070876058,145.4699285820067
s20,male,isolation,fortis,26.147517697121742,143.02039861786366
s20,male,isolation,fortis,18.60887764733975,119.05370997850653
s20,male,isolation,fortis,18.399645202785393,155.6119475951153
s20,male,isolation,fortis,7.547999503638407,134.72709896556157
s20,male,isolation,fortis,15.296395760775551,116.24116128241708
s20,male,isolation,fortis,14.701893514980208,153.17789105630317
s20,male,isolation,lenis,64.28334945391924,123.84060095566039
s20,male,isolation,lenis,62.38449934834795,112.56228066034755
s20,male,isolation,lenis,54.746773501167034,135.54959425965183
s20,male,isolation,lenis,75.39587798736362,119.36204269190732
s20,male,isolation,lenis,49.40741280436119,101.12316232342488
s20,male,isolation,lenis,79.4232568712588,132.41010428394407
s20,male,isolation,aspirated,142.47468229967612,156.97864887910222
s20,male,isolation,aspirated,84.09005883127709,164.32842631658792
s20,male,isolation,aspirated,60.20727808287004,132.54738352508218
s20,male,isolation,aspirated,76.30310922533124,154.25641766266762
s20,male,isolation,aspirated,83.81138034602046,146.7344546231006
s20,male,isolation,aspirated,64.54204273262256,167.6997249396572
s20,male,sentence,fortis,12.822578528295974,157.30282345632986
s20,male,sentence,fortis,26.14980666411206,138.37677440789128
s20,male,sentence,fortis,7.953569557223999,149.9267942809674
s20,male,sentence,fortis,19.890422263898206,125.26585792882801
s20,male,sentence,fortis,9.422830263813669,144.82644129314434
s20,male,sentence,fortis,8.278333248138495,160.97424427975756
s20,male,sentence,lenis,47.54950798986078,110.95177817854483
s20,male,sentence,lenis,47.20198565627094,139.7678352032712
s20,male,sentence,lenis,70.18153147975089,116.90038157487183
s20,male,sentence,lenis,23.68218075972478,113.84850977774279
s20,male,sentence,lenis,51.90971220711711,125.00654419195979
s20,male,sentence,lenis,40.21550591373966,113.30256750397942
s20,male,sentence,aspirated,62.31209931346777,135.8901084435101
s20,male,sentence,aspirated,68.95681815953367,172.0934022507089
s20,male,sentence,aspirated,68.12448692802907,126.85766586160551
s20,male,sentence,aspirated,56.638592107967405,154.05540579801053
s20,male,sentence,aspirated,87.105721368803,151.03283323759172
s20,male,sentence,aspirated,33.514774333795025,153.09258121962156
s21,male,isolation,fortis,29.016795476699542,156.74061202739205
s21,male,isolation,fortis,15.25857228094397,147.7532849637613
s21,male,isolation,fortis,43.69108128337539,149.20579080661312
s21,male,isolation,fortis,14.22542779361505,159.03177236405278
s21,male,isolation,fortis,15.564175814131199,134.9738270144581
s21,male,isolation,fortis,16.340752248908714,143.63816909148122
s21,male,isolation,lenis,84.46823079795482,167.76911057030958
s21,male,isolation,lenis,20.242330852565363,117.41054440775588
s21,male,isolation,lenis,63.949158882975304,113.51937309245058
s21,male,isolation,lenis,96.75768893726449,118.51239202728416
s21,male,isolation,lenis,76.61999652735439,156.16259989269378
s21,male,isolation,lenis,25.803612999715657,105.45616162360963
s21,male,isolation,aspirated,84.00307711708304,125.2836412428598
s21,male,isolation,aspirated,71.65462666299179,163.49733005164768
s21,male,isolation,aspirated,72.25782176568146,148.0519946530069
s21,male,isolation,aspirated,96.15223219247129,122.78748897880311
s21,male,isolation,aspirated,85.8450521490808,192.23810676137495
s21,male,isolation,aspirated,71.68238274155054,107.93746612247773
s21,male,sentence,fortis,10.30504701249114,133.32472028953364
s21,male,sentence,fortis,29.423981119178197,190.0490701889126
s21,male,sentence,fortis,11.211765323076497,153.70470111565072
s21,male,sentence,fortis,5.953099149784323,142.04600452958366
s21,male,sentence,fortis,9.793738968168698,189.05317398640344
s21,male,sentence,fortis,25.306779686231174,210.0353063612842
s21,male,sentence,lenis,44.96109152744303,117.50936012844714
s21,male,sentence,lenis,41.43607200041501,141.1761462524526
s21,male,sentence,lenis,80.84406660616958,134.95501186565855
s21,male,sentence,lenis,54.1538512030869,120.34335509633638
s21,male,sentence,lenis,27.322982911646633,153.20996922349872
s21,male,sentence,lenis,56.02110281786453,124.37525611449955
s21,male,sentence,aspirated,41.461787492351625,171.0337219149823
s21,male,sentence,aspirated,45.185370380781656,175.04815143974395
s21,male,sentence,aspirated,41.87595989547381,170.5545570531329
s21,male,sentence,aspirated,92.21976303660921,142.0029389526914
s21,male,sentence,aspirated,79.31639202670375,179.06366932713757
s21,male,sentence,aspirated,109.03758279991504,131.42518929171672
s22,male,isolation,fortis,30.782019468750658,120.06129329020659
s22,male,isolation,fortis,11.82548166744354,142.87909188370108
s22,male,isolation,fortis,31.00911419173031,133.72688578029198
s22,male,isolation,fortis,12.801668058842594,139.12697274815207
s22,male,isolation,fortis,16.709431957995523,130.27025866927318
s22,male,isolation,fortis,18.8552571062314,108.89858620138816
s22,male,isolation,lenis,40.87117441930824,101.37837556049048
s22,male,isolation,lenis,56.56875334568875,104.9279516317192
s22,male,isolation,lenis,48.20014655644626,107.51802549784563
s22,male,isolation,lenis,71.5749944416843,106.82330813307377
s22,male,isolation,lenis,52.007059008814146,155.74874289927752
s22,male,isolation,lenis,54.30681042917218,101.21377412903894
s22,male,isolation,aspirated,81.2673345390767,170.85380828186103
s22,male,isolation,aspirated,95.17346780562359,116.42294451315563
s22,male,isolation,aspirated,99.14528838579241,107.77232595293428
s22,male,isolation,aspirated,48.5254250158252,173.72834264811038
s22,male,isolation,aspirated,121.76570074825037,165.4532704469401
s22,male,isolation,aspirated,65.30267665300599,158.67393253150598
s22,male,sentence,fortis,13.762078892499215,175.55142865122636
s22,male,sentence,fortis,12.720764188967062,136.0338752079867
s22,male,sentence,fortis,9.260809113417563,152.39930406040168
s22,male,sentence,fortis,8.26555289607777,163.79560957800896
s22,male,sentence,fortis,11.518423730350529,109.98396472997138
s22,male,sentence,fortis,8.566092830621646,199.22463155306758
s22,male,sentence,lenis,36.0951679848792,95.6096274246411
s22,male,sentence,lenis,21.646382700739142,112.88334649044397
s22,male,sentence,lenis,43.5845553541871,137.10802227012368
s22,male,sentence,lenis,19.991800206824905,121.91030296287319
s22,male,sentence,lenis,36.82441482147763,79.87724175331073
s22,male,sentence,lenis,61.223482091276395,111.81592060538746
s22,male,sentence,aspirated,61.5080009445657,163.01429077392518
s22,male,sentence,aspirated,82.76118800757236,182.85816356294754
s22,male,sentence,aspirated,73.24061383221199,158.42530066995764
s22,male,sentence,aspirated,66.39000457163587,127.51394248331451
s22,male,sentence,aspirated,90.78099754784421,181.42526354354305
s22,male,sentence,aspirated,90.64860889826402,144.07988587171647
s23,male,isolation,fortis,5.257717169841931,121.09845800124688
s23,male,isolation,fortis,11.83314358091152,115.71123294029985
s23,male,isolation,fortis,22.26634079637149,141.8004391378276
s23,male,isolation,fortis,3.315648150229876,143.68250590627198
s23,male,isolation,fortis,10.18610765629387,99.5448319195172
s23,male,isolation,fortis,35.5980893205163,152.5838336247398
s23,male,isolation,lenis,38.035703517405146,110.04637647989736
s23,male,isolation,lenis,43.86605474978295,134.03950444213322
s23,male,isolation,lenis,30.57271459686787,119.2811476107063
s23,male,isolation,lenis,68.1161239980035,133.64491024105658
s23,male,isolation,lenis,36.07486094402082,117.23411201920732
s23,male,isolation,lenis,73.49623750117581,137.95322118924474
s23,male,isolation,aspirated,80.46200056944353,139.88805019578163
s23,male,isolation,aspirated,76.281036339218,147.17847778471287
s23,male,isolation,aspirated,96.16867577250872,135.8555643852313
s23,male,isolation,aspirated,81.41132747989617,168.87107601492323
s23,male,isolation,aspirated,114.45572815827104,119.70194871610144
s23,male,isolation,aspirated,111.61085416226473,155.55693265827944
s23,male,sentence,fortis,15.451978759122326,197.85431082598035
s23,male,sentence,fortis,6.783687767576362,114.53450943101237
s23,male,sentence,fortis,13.499966205642794,134.51639019211814
s23,male,sentence,fortis,19.92071850605296,170.36831075947273
s23,male,sentence,fortis,17.681477012801082,169.98905686930203
s23,male,sentence,fortis,11.773858954677737,165.54866671700557
s23,male,sentence,lenis,56.88782775858545,97.46503438709476
s23,male,sentence,lenis,32.48860151945709,121.3151367830863
s23,male,sentence,lenis,76.34553204933492,119.36267790749977
s23,male,sentence,lenis,51.30941460443388,146.73019829905562
s23,male,sentence,lenis,67.02165723909982,136.96264174719312
s23,male,sentence,lenis,45.68960823960794,109.25117838544561
s23,male,sentence,aspirated,114.75221342659401,179.75057360893484
s23,male,sentence,aspirated,98.56339204779115,115.51730346378838
s23,male,sentence,aspirated,67.09902491352484,141.13412082875578
s23,male,sentence,aspirated,47.36985140818783,166.4856302208106
s23,male,sentence,aspirated,60.280781858636516,167.80857180768726
s23,male,sentence,aspirated,88.44910178473218,159.7379284846796
s24,male,isolation,fortis,25.87061817366173,100.87117439693151
s24,male,isolation,fortis,3.739323242451691,136.87193732535513
s24,male,isolation,fortis,14.986902350427746,161.37688224725258
s24,male,isolation,fortis,32.00369817268316,145.527441407071
s24,male,isolation,fortis,14.659917500480363,163.60959309104038
s24,male,isolation,fortis,12.988863095535013,153.3166419470644
s24,male,isolation,lenis,45.081822597709035,143.13941159565144
s24,male,isolation,lenis,71.67599983630559,132.3646543308975
s24,male,isolation,lenis,58.85388638514094,95.20503615999729
s24,male,isolation,lenis,53.75163286147381,106.97994074627452
s24,male,isolation,lenis,58.982633622783936,116.1419100661522
s24,male,isolation,lenis,63.664533148160125,110.44110668776847
s24,male,isolation,aspirated,95.2018285706381,136.43993843005745
s24,male,isolation,aspirated,120.55437512251308,145.8235160886943
s24,male,isolation,aspirated,77.04398152107835,150.8394021814107
s24,male,isolation,aspirated,93.58144206659081,115.36522675541599
s24,male,isolation,aspirated,58.667548966024775,193.1689271567275
s24,male,isolation,aspirated,90.65752442974211,166.88942810245513
s24,male,sentence,fortis,20.279957719439444,162.59146269918426
s24,male,sentence,fortis,14.062720268192097,222.40318676384987
s24,male,sentence,fortis,29.311042036492704,142.34677142681008
s24,male,sentence,fortis,17.044078397629512,151.51451496564076
s24,male,sentence,fortis,18.658454098972538,146.06064534309783
s24,male,sentence,fortis,24.8853141073348,122.51083319161337
s24,male,sentence,lenis,40.7594193378602,99.93354861517706
s24,male,sentence,lenis,32.890703583209785,109.98241838749489
s24,male,sentence,lenis,44.348590860613264,154.83744712689605
s24,male,sentence,lenis,59.705642944672626,131.20597064096273
s24,male,sentence,lenis,62.8904307541711,143.0102461326142
s24,male,sentence,lenis,60.19669699488145,123.11973514715687
s24,male,sentence,aspirated,35.63136828776548,179.70704681147777
s24,male,sentence,aspirated,63.75714066190869,189.05791029173858
s24,male,sentence,aspirated,65.10365945262231,190.235050609375
s24,male,sentence,aspirated,76.75357144225293,163.5520486897114
s24,male,sentence,aspirated,50.80548095781598,133.51892246734863
s24,male,sentence,aspirated,65.28947379482742,96.38875623143245
s25,male,isolation,fortis,8.60733775346104,84.96697504117472
s25,male,isolation,fortis,20.61211397761842,132.50239576003096
s25,male,isolation,fortis,19.25223009553078,108.56180686253931
s25,male,isolation,fortis,18.87730839830291,132.66845193660302
s25,male,isolation,fortis,14.789192699756642,102.4497096334725
s25,male,isolation,fortis,54.87502007749625,158.82420321614381
s25,male,isolation,lenis,85.8836663535237,108.12573903090528
s25,male,isolation,lenis,43.41475463878763,110.3885033836732
s25,male,isolation,lenis,39.41516911136003,136.33636020522943
s25,male,isolation,lenis,54.63422753589183,114.67037016152342
s25,male,isolation,lenis,22.230069673686764,106.09897509229697
s25,male,isolation,lenis,46.58729471458747,113.03651244555111
s25,male,isolation,aspirated,97.00711628559235,121.95850970779853
s25,male,isolation,aspirated,133.7451795126817,160.3699741867822
s25,male,isolation,aspirated,50.65200521305647,137.58978666689887
s25,male,isolation,aspirated,109.74398928911253,196.94918597956104
s25,male,isolation,aspirated,91.6585092022091,172.22672189589346
s25,male,isolation,aspirated,85.64641434874295,130.96180674178066
s25,male,sentence,fortis,9.775142764627821,177.358847361114
s25,male,sentence,fortis,19.25651684913794,122.86847987912023
s25,male,sentence,fortis,15.026205627174043,165.0150471994599
s25,male,sentence,fortis,4.453880006769757,143.40695118849393
s25,male,sentence,fortis,6.018269609551474,134.40336274546624
s25,male,sentence,fortis,17.623824859038184,136.69689138835045
s25,male,sentence,lenis,72.96168433463941,118.68284218448115
s25,male,sentence,lenis,38.54212184347995,103.66655491024974
s25,male,sentence,lenis,79.84583915544442,91.58772744150255
s25,male,sentence,lenis,54.63247732028692,146.5518945840574
s25,male,sentence,lenis,63.29592589283251,124.56666366087912
s25,male,sentence,lenis,64.53032186323988,116.62758892023739
s25,male,sentence,aspirated,56.03688766931317,204.50153766569997
s25,male,sentence,aspirated,57.3075902155061,132.2653337701684
s25,male,sentence,aspirated,103.22345888898413,143.04269870745583
s25,male,sentence,aspirated,55.3943842305272,156.1128501980767
s25,male,sentence,aspirated,64.78195857808666,140.6596881183034
s25,male,sentence,aspirated,81.37197626346783,123.0839983228629
s26,male,isolation,fortis,14.66757828695101,125.60394578492034
s26,male,isolation,fortis,12.369624377665454,138.10890617725138
s26,male,isolation,fortis,21.7829669379942,127.5928375852069
s26,male,isolation,fortis,26.947904951223972,162.9465248221137
s26,male,isolation,fortis,28.768535458932156,103.40022378537812
s26,male,isolation,fortis,22.037798779031043,118.79193439875905
s26,male,isolation,lenis,91.22603589081999,119.00543549374181
s26,male,isolation,lenis,45.559670760659884,152.65504350127205
s26,male,isolation,lenis,61.96528563283746,125.67227200716087
s26,male,isolation,lenis,35.944007875751566,111.42094851540185
s26,male,isolation,lenis,71.08959786103125,121.30485089372443
s26,male,isolation,lenis,56.732101415276595,87.24559651261387
s26,male,isolation,aspirated,87.23676898527454,157.44229654089804
s26,male,isolation,aspirated,92.35743465388506,156.08263962242592
s26,male,isolation,aspirated,76.75374786388602,145.44483552892925
s26,male,isolation,aspirated,102.1660540392437,143.29144584303484
s26,male,isolation,aspirated,50.46651886427316,136.11577724336013
s26,male,isolation,aspirated,80.04330206500326,116.38238250045879
s26,male,sentence,fortis,15.490873426887317,137.1652570575017
s26,male,sentence,fortis,23.309445444482893,160.56920669529296
s26,male,sentence,fortis,21.576859984134753,183.78402144444294
s26,male,sentence,fortis,9.522156599209405,160.92704536936515
s26,male,sentence,fortis,12.443359494130698,149.48456274991068
s26,male,sentence,fortis,38.91239924336601,97.54618515670191
s26,male,sentence,lenis,19.925290548924337,141.83172923422148
s26,male,sentence,lenis,56.72936977093807,116.38732984699972
s26,male,sentence,lenis,55.96291430103132,94.45367013631866
s26,male,sentence,lenis,85.31523514556035,168.3369624992298
s26,male,sentence,lenis,24.72841007684335,118.73496064343327
s26,male,sentence,lenis,47.15118545366217,117.5569387094194
s26,male,sentence,aspirated,51.57884523810943,150.43477720435558
s26,male,sentence,aspirated,50.15710269630726,222.41664676830095
s26,male,sentence,aspirated,62.69403116650602,153.92499358186546
s26,male,sentence,aspirated,58.924477314775366,185.27539295578129
s26,male,sentence,aspirated,58.28707166160591,139.75127175077813
s26,male,sentence,aspirated,74.83842724879922,215.96367883817322
s27,male,isolation,fortis,14.414194686828322,147.47549366568092
s27,male,isolation,fortis,15.559074545566338,158.62240459717128
s27,male,isolation,fortis,6.815191597012647,146.69005348561
s27,male,isolation,fortis,9.997652078304036,169.25452744493091
s27,male,isolation,fortis,11.258501767444555,142.53471132662625
s27,male,isolation,fortis,20.682573972425566,107.25413576110894
s27,male,isolation,lenis,94.81169889694323,86.53987683729164
s27,male,isolation,lenis,42.067848243381135,129.99642347611385
s27,male,isolation,lenis,51.19564640127597,104.91155502201211
s27,male,isolation,lenis,37.70555262538636,153.8039867195268
s27,male,isolation,lenis,46.413232285918234,138.9990712196001
s27,male,isolation,lenis,66.05780641754514,124.08083943313147
s27,male,isolation,aspirated,91.15166302448358,88.1720092304555
s27,male,isolation,aspirated,81.83079942356213,174.76233739652298
s27,male,isolation,aspirated,71.1182185380917,147.588291253244
s27,male,isolation,aspirated,90.76768925934854,183.84031997196453
s27,male,isolation,aspirated,81.6880130077422,114.32205907104859
s27,male,isolation,aspirated,52.25562441785777,202.29734440392673
s27,male,sentence,fortis,15.452268219348227,169.61530963235276
s27,male,sentence,fortis,14.514906680546849,146.9383022580665
s27,male,sentence,fortis,24.27150806021066,149.1740451517372
s27,male,sentence,fortis,5.569137189851209,170.46347152785418
s27,male,sentence,fortis,16.393233578923663,138.6171879786507
s27,male,sentence,fortis,13.123894777180368,159.71808788793396
s27,male,sentence,lenis,28.77238318731889,131.933321584767
s27,male,sentence,lenis,46.56523695931078,129.6139562224221
s27,male,sentence,lenis,88.60818170348311,122.25600068478383
s27,male,sentence,lenis,54.14904624629897,144.94720044597048
s27,male,sentence,lenis,53.05962797258981,129.3442757083099
s27,male,sentence,lenis,40.003855818777645,107.78861813653558
s27,male,sentence,aspirated,86.36339645269372,128.66266479417587
s27,male,sentence,aspirated,59.14888027069251,162.40469500562963
s27,male,sentence,aspirated,48.903564330269695,144.75279945828976
s27,male,sentence,aspirated,52.38436643067619,168.8364704235064
s27,male,sentence,aspirated,42.7947515597121,177.6072836069704
s27,male,sentence,aspirated,45.77635692841957,175.71509440353134
s28,male,isolation,fortis,16.056770550054527,127.66445692366976
s28,male,isolation,fortis,23.2023622801341,154.06285767680794
s28,male,isolation,fortis,13.334846252181753,151.4698547846716
s28,male,isolation,fortis,10.006955906797272,150.61243288324314
s28,male,isolation,fortis,9.405954586450413,112.74227238295575
s28,male,isolation,fortis,13.031255902115483,117.6573014989606
s28,male,isolation,lenis,40.72069419389391,114.03509588376937
s28,male,isolation,lenis,79.35788554597235,121.65560656337192
s28,male,isolation,lenis,41.99075906962956,126.01649570069415
s28,male,isolation,lenis,37.97387720148207,131.9490658075501
s28,male,isolation,lenis,51.579959642979134,115.13355397186251
s28,male,isolation,lenis,54.82595262576634,134.43769936460995
s28,male,isolation,aspirated,87.67930830984025,147.64271592051892
s28,male,isolation,aspirated,70.26653283845505,159.3475757676872
s28,male,isolation,aspirated,111.45979495816383,184.49886047291858
s28,male,isolation,aspirated,79.21214293295228,144.01580272584175
s28,male,isolation,aspirated,74.83332423508047,157.94729436995055
s28,male,isolation,aspirated,79.70945348551152,146.6678539721669
s28,male,sentence,fortis,15.550207921185356,163.5794148792995
s28,male,sentence,fortis,6.042466725295543,148.3386411144147
s28,male,sentence,fortis,16.869586610636524,122.99210115015583
s28,male,sentence,fortis,13.40402886948635,153.80966206478368
s28,male,sentence,fortis,6.696025328488628,159.7178685430776
s28,male,sentence,fortis,20.672444272027725,166.7958494021273
s28,male,sentence,lenis,47.7320345579881,161.8112466588467
s28,male,sentence,lenis,69.18172531845703,143.88886573940113
s28,male,sentence,lenis,90.44844789562896,153.85889286898842
s28,male,sentence,lenis,22.515199787156632,73.2500086840921
s28,male,sentence,lenis,31.32244385769233,154.6667173189842
s28,male,sentence,lenis,35.75597542337841,125.69536920538425
s28,male,sentence,aspirated,58.03410781586384,199.7489819983354
s28,male,sentence,aspirated,55.43062808172314,176.2595032358067
s28,male,sentence,aspirated,108.65388917208865,130.62358171919033
s28,male,sentence,aspirated,52.46241864958147,202.37772162238355
s28,male,sentence,aspirated,46.67043881307235,169.10656295500382
s28,male,sentence,aspirated,74.03796122315237,175.6553813169605
s29,male,isolation,fortis,14.050094703671112,122.79296868008998
s29,male,isolation,fortis,6.327090799891679,117.01108691182762
s29,male,isolation,fortis,4.900797565458113,125.54190366847558
s29,male,isolation,fortis,26.342151046256546,119.08468792688437
s29,male,isolation,fortis,20.255831299126267,135.15027703764753
s29,male,isolation,fortis,26.778486603108835,132.72075520907552
s29,male,isolation,lenis,33.98728683654732,140.02999139442932
s29,male,isolation,lenis,49.0836450653854,111.66209596032671
s29,male,isolation,lenis,45.07692271615022,108.03624247996154
s29,male,isolation,lenis,86.33961905622654,109.71975752556651
s29,male,isolation,lenis,23.809941125412557,148.25438679182292
s29,male,isolation,lenis,42.0297225336146,90.80624205270391
s29,male,isolation,aspirated,89.62008107309258,133.35004024270106
s29,male,isolation,aspirated,77.82798167876702,161.32285314345762
s29,male,isolation,aspirated,64.17171325641296,173.43867664922044
s29,male,isolation,aspirated,94.49757498651971,148.03427425400642
s29,male,isolation,aspirated,88.80241145136684,122.21424822445915
s29,male,isolation,aspirated,70.54135698869469,149.54498845082387
s29,male,sentence,fortis,26.588018898290702,110.06743391426822
s29,male,sentence,fortis,14.241043301685814,131.28585891383506
s29,male,sentence,fortis,16.547166535866946,141.15246145901787
s29,male,sentence,fortis,15.305132492684814,173.86403574849575
s29,male,sentence,fortis,10.994515702511558,114.9288002295273
s29,male,sentence,fortis,23.721657351714352,160.38281952487984
s29,male,sentence,lenis,34.42494712877499,98.33979438980047
s29,male,sentence,lenis,39.762220529725504,133.53755712899152
s29,male,sentence,lenis,38.2411446416283,172.97897989633307
s29,male,sentence,lenis,46.828260938232674,131.63661752522952
s29,male,sentence,lenis,62.93806216623909,120.99693055658052
s29,male,sentence,lenis,56.0926996849539,91.89491091457671
s29,male,sentence,aspirated,38.81809656884466,138.56822741352022
s29,male,sentence,aspirated,86.37685814581324,203.49593790839137
s29,male,sentence,aspirated,77.24275904600506,146.7965220028584
s29,male,sentence,aspirated,59.79453809604293,175.31423574826164
s29,male,sentence,aspirated,58.775172517356225,144.05259932573838
s29,male,sentence,aspirated,84.9102376097848,169.98463088359873
s30,male,isolation,fortis,26.296010220952823,132.4145609073829
s30,male,isolation,fortis,31.755134436582093,108.16721879517065
s30,male,isolation,fortis,5.321905777579658,145.91746080551223
s30,male,isolation,fortis,4.21252744381485,97.66222312407245
s30,male,isolation,fortis,34.42712273722312,123.4240716504079
s30,male,isolation,fortis,15.258052687374587,156.83253714107445
s30,male,isolation,lenis,60.55369092964378,127.77561723765997
s30,male,isolation,lenis,54.211629213587635,97.9573096780986
s30,male,isolation,lenis,38.00389623552946,84.09207145231957
s30,male,isolation,lenis,52.2450638663843,128.43380665699394
s30,male,isolation,lenis,86.61113315776855,114.14797352393936
s30,male,isolation,lenis,74.10130042188267,138.85156355920233
s30,male,isolation,aspirated,95.18759230770348,86.98961959414608
s30,male,isolation,aspirated,63.99829366047178,136.04944666758013
s30,male,isolation,aspirated,85.93304967048891,168.88611737140818
s30,male,isolation,aspirated,85.69031862997402,129.66670985997064
s30,male,isolation,aspirated,52.43347642925198,110.87443063077629
s30,male,isolation,aspirated,103.92653133870434,154.16606918132234
s30,male,sentence,fortis,8.13342313796297,165.0429358159565
s30,male,sentence,fortis,24.41373398231335,181.6047526391265
s30,male,sentence,fortis,7.650472215222859,162.134334313037
s30,male,sentence,fortis,9.426324428134667,153.6551919965603
s30,male,sentence,fortis,13.689992786774473,175.59244480957847
s30,male,sentence,fortis,31.236961493343795,183.37080779538883
s30,male,sentence,lenis,49.32840084393029,163.4559695374628
s30,male,sentence,lenis,46.54207925064038,112.72847767519741
s30,male,sentence,lenis,48.247590517249556,89.7163720459526
s30,male,sentence,lenis,50.766926538164746,185.03042323691
s30,male,sentence,lenis,49.22997304450519,98.49893027828134
s30,male,sentence,lenis,38.111835334653726,151.23973565689008
s30,male,sentence,aspirated,127.91917805216677,141.0056380623546
s30,male,sentence,aspirated,55.848876275652366,109.55327453500655
s30,male,sentence,aspirated,59.88660558444141,160.00392898160433
s30,male,sentence,aspirated,85.82973166863833,148.90978507067257
s30,male,sentence,aspirated,90.50605852740307,228.5985732492816
s30,male,sentence,aspirated,80.21778249127827,107.08478873543541
s31,male,isolation,fortis,16.439225724949523,120.14496947600959
s31,male,isolation,fortis,29.275369669067228,160.3780429574586
s31,male,isolation,fortis,11.002172301635065,165.4937883381953
s31,male,isolation,fortis,11.560992354324036,126.1501938612939
s31,male,isolation,fortis,8.772940459611261,151.1311872028998
s31,male,isolation,fortis,20.137459509832173,134.96977934745846
s31,male,isolation,lenis,41.16208940377349,132.72974440434587
s31,male,isolation,lenis,44.915018579713234,138.80299636760714
s31,male,isolation,lenis,27.650744551664125,141.51448764424902
s31,male,isolation,lenis,66.2033788136063,126.11272477784388
s31,male,isolation,lenis,116.59889774729564,131.57898030645748
s31,male,isolation,lenis,49.59323222260979,119.6480446794775
s31,male,isolation,aspirated,57.73333585650639,152.89057522800596
s31,male,isolation,aspirated,69.18581814503072,141.42622827359537
s31,male,isolation,aspirated,100.61873117926791,126.78091588104229
s31,male,isolation,aspirated,66.72795192062637,155.25215474191444
s31,male,isolation,aspirated,92.54036304538567,141.75212575700687
s31,male,isolation,aspirated,70.15757137291374,134.8679191994093
s31,male,sentence,fortis,30.674790750483435,102.46782469763433
s31,male,sentence,fortis,8.80736977614747,133.6666733803637
s31,male,sentence,fortis,14.814162738370502,178.96308837384225
s31,male,sentence,fortis,2.8147264713388847,77.64709670106201
s31,male,sentence,fortis,8.573291219412296,172.8405825408741
s31,male,sentence,fortis,5.82855664505854,184.68106912004689
s31,male,sentence,lenis,53.955409565300805,157.15017584479057
s31,male,sentence,lenis,46.688640076225596,164.64452340066586
s31,male,sentence,lenis,34.01153457922311,93.35920903088142
s31,male,sentence,lenis,28.373297124310838,127.4032063015827
s31,male,sentence,lenis,41.155518749074915,154.6538025399296
s31,male,sentence,lenis,36.422829317942494,105.41011416334665
s31,male,sentence,aspirated,86.71638152021163,174.42863953919303
s31,male,sentence,aspirated,120.84456968528997,181.22215896689184
s31,male,sentence,aspirated,50.93680885297944,168.59932584997554
s31,male,sentence,aspirated,73.03591811818494,163.7112227128609
s31,male,sentence,aspirated,50.222415280623096,177.92541246971385
s31,male,sentence,aspirated,106.50515704239834,176.68301765121748
s32,male,isolation,fortis,24.173513053244726,157.5843423730634
s32,male,isolation,fortis,10.905830452125334,118.20656179036536
s32,male,isolation,fortis,18.50636827419443,164.2229402093241
s32,male,isolation,fortis,27.81273421147844,137.35984562893103
s32,male,isolation,fortis,31.17792783399217,122.89327152237985
s32,male,isolation,fortis,26.18283996776126,69.96390157434239
s32,male,isolation,lenis,40.95631634344645,121.89793659332778
s32,male,isolation,lenis,44.738345599138015,133.0317773424582
s32,male,isolation,lenis,46.92391997664607,103.43582059141849
s32,male,isolation,lenis,49.65711595520266,115.37308721812978
s32,male,isolation,lenis,44.15407551998602,80.4637491240741
s32,male,isolation,lenis,23.49878080767975,109.1256633049174
s32,male,isolation,aspirated,110.21246797451317,131.6621312500918
s32,male,isolation,aspirated,80.58576555981945,148.22061904818744
s32,male,isolation,aspirated,86.26322863031028,139.06627329177914
s32,male,isolation,aspirated,122.51716288641794,125.71117501411487
s32,male,isolation,aspirated,104.14380716665652,175.286717396812
s32,male,isolation,aspirated,75.25107219597649,142.96500974853072
s32,male,sentence,fortis,19.15399288485079,174.12034947768916
s32,male,sentence,fortis,26.431195364303207,147.83486209877552
s32,male,sentence,fortis,17.38018817815521,137.2403067384455
s32,male,sentence,fortis,9.70660677621035,158.66476446523913
s32,male,sentence,fortis,28.602715748762837,141.9544023880202
s32,male,sentence,fortis,6.591659996970691,153.52175362672168
s32,male,sentence,lenis,63.108030196527146,128.54220303562505
s32,male,sentence,lenis,53.95204351891276,67.95427132891686
s32,male,sentence,lenis,55.70093309562617,114.84388604826333
s32,male,sentence,lenis,31.806907540235585,111.57576442479404
s32,male,sentence,lenis,42.08809631617989,137.9426210752552
s32,male,sentence,lenis,39.66574451957141,94.95936939299949
s32,male,sentence,aspirated,75.72425487404203,185.0615429059016
s32,male,sentence,aspirated,112.83155713873391,117.16580881432948
s32,male,sentence,aspirated,105.15754822696012,132.66875798804915
s32,male,sentence,aspirated,77.11179365911137,157.85111904807587
s32,male,sentence,aspirated,70.4983953568805,134.65519536081194
s32,male,sentence,aspirated,45.56516932071903,149.5410966018173
s33,male,isolation,fortis,10.663489215056686,112.68347750469661
s33,male,isolation,fortis,23.066677188337852,150.08127660786496
s33,male,isolation,fortis,7.887908964887766,154.1741807050477
s33,male,isolation,fortis,11.17187192460618,146.90375986079218
s33,male,isolation,fortis,23.328870551904018,135.98893748078692
s33,male,isolation,fortis,8.739850835442816,165.56707311584645
s33,male,isolation,lenis,23.171304797349,101.35667212873014
s33,male,isolation,lenis,35.6441747567698,108.60280349040046
s33,male,isolation,lenis,42.21804686046531,102.68650433989993
s33,male,isolation,lenis,50.42882702787298,121.24778807058112
s33,male,isolation,lenis,60.13609699352138,111.71377608003719
s33,male,isolation,lenis,91.06875383401382,139.3417582454124
s33,male,isolation,aspirated,66.89131362639525,149.6506484727737
s33,male,isolation,aspirated,57.54120102189433,124.67804860686626
s33,male,isolation,aspirated,54.585326555635426,115.9568370524448
s33,male,isolation,aspirated,80.08924473254733,137.72454934932796
s33,male,isolation,aspirated,66.64181071370898,152.06634469892333
s33,male,isolation,aspirated,124.26782856064536,107.963931813664
s33,male,sentence,fortis,13.834404700345958,157.64029586624
s33,male,sentence,fortis,32.83557031098287,150.4352085466568
s33,male,sentence,fortis,22.14601843543455,144.78300843100135
s33,male,sentence,fortis,10.172040853598693,178.72627628020578
s33,male,sentence,fortis,17.63840681402794,150.33758240588318
s33,male,sentence,fortis,13.643092744317734,122.28070838176868
s33,male,sentence,lenis,38.872156241682056,134.59857799058713
s33,male,sentence,lenis,75.6323162832253,108.63331856195444
s33,male,sentence,lenis,56.31548914201719,129.66969804861444
s33,male,sentence,lenis,55.18256650911683,123.81341143234644
s33,male,sentence,lenis,52.61045714107486,122.61133971727564
s33,male,sentence,lenis,72.492728485149,92.00451183885829
s33,male,sentence,aspirated,87.01707472802482,118.6173376646069
s33,male,sentence,aspirated,103.93730324596093,160.87264682197724
s33,male,sentence,aspirated,92.37141624435189,102.0675385774849
s33,male,sentence,aspirated,45.38757144102837,173.04891109398483
s33,male,sentence,aspirated,71.1942479724083,151.57208284811512
s33,male,sentence,aspirated,45.97621819402483,126.7122283119676
s34,male,isolation,fortis,17.93171864261692,103.70990870654812
s34,male,isolation,fortis,8.213496401302352,143.64822064541795
s34,male,isolation,fortis,26.978504356543603,124.19572084697741
s34,male,isolation,fortis,14.348088430445257,146.33520865602978
s34,male,isolation,fortis,41.43205977068108,121.25986564292037
s34,male,isolation,fortis,7.6903501627173085,124.60316045125032
s34,male,isolation,lenis,47.13495822291887,120.64144090053846
s34,male,isolation,lenis,52.775191122711846,112.53155976442577
s34,male,isolation,lenis,28.12229055144588,125.56672083069738
s34,male,isolation,lenis,56.97891270567706,118.59248135819877
s34,male,isolation,lenis,59.87264766796302,101.8357918170803
s34,male,isolation,lenis,65.67383903048841,134.35517831835165
s34,male,isolation,aspirated,76.01951946191896,128.95641138906103
s34,male,isolation,aspirated,70.0911707484667,157.63471961996783
s34,male,isolation,aspirated,76.42717074880008,149.77867114356727
s34,male,isolation,aspirated,85.83741118434642,144.49722875239453
s34,male,isolation,aspirated,78.82628741624241,176.00575467524055
s34,male,isolation,aspirated,63.75916311173652,194.04534977972042
s34,male,sentence,fortis,34.983008052932114,168.89793849778903
s34,male,sentence,fortis,19.535756713401405,157.79732361473816
s34,male,sentence,fortis,15.91464072662332,167.14978237667862
s34,male,sentence,fortis,15.246780608947235,159.49248591524648
s34,male,sentence,fortis,18.86897862536964,116.04098091160027
s34,male,sentence,fortis,8.538704392026485,150.18742976866397
s34,male,sentence,lenis,54.421546035365054,129.95371799626383
s34,male,sentence,lenis,44.153042727503454,142.57970599898923
s34,male,sentence,lenis,59.34287949755887,128.7911269099316
s34,male,sentence,lenis,63.059260982875415,128.76620759266703
s34,male,sentence,lenis,34.22732944955674,130.10402657016925
s34,male,sentence,lenis,70.4107267365544,135.6626292063703
s34,male,sentence,aspirated,67.5613310059789,176.96745245263727
s34,male,sentence,aspirated,55.98928448040716,149.90409213371927
s34,male,sentence,aspirated,105.93421369394554,144.168824743778
s34,male,sentence,aspirated,49.19697741491727,109.02275478374725
s34,male,sentence,aspirated,72.96894795550593,117.57035027558373
s34,male,sentence,aspirated,82.49597951845656,201.34553015773733
s35,male,isolation,fortis,2.93017762517854,144.43829138030833
s35,male,isolation,fortis,9.878480810240319,156.17635356588326
s35,male,isolation,fortis,11.44341852459781,146.50465529444432
s35,male,isolation,fortis,3.6095185222729436,134.13022464076215
s35,male,isolation,fortis,21.09266968157017,125.45840962967841
s35,male,isolation,fortis,6.383556221088329,122.13992193325258
s35,male,isolation,lenis,42.98567004062564,141.02554663541625
s35,male,isolation,lenis,75.72697587343563,137.36056343905764
s35,male,isolation,lenis,58.68700363625438,73.48820562436357
s35,male,isolation,lenis,70.61449628440752,112.86272437056807
s35,male,isolation,lenis,72.83115985832832,135.77931443123606
s35,male,isolation,lenis,58.55115494950579,134.60977321495176
s35,male,isolation,aspirated,97.57070500423141,160.69819331264512
s35,male,isolation,aspirated,79.91268452874247,140.76023078403384
s35,male,isolation,aspirated,82.41269636752314,158.64762447487936
s35,male,isolation,aspirated,80.3181649926488,118.81876249553724
s35,male,isolation,aspirated,92.5123067230712,123.38622871478461
s35,male,isolation,aspirated,106.57661352400771,159.0746218004978
s35,male,sentence,fortis,8.729668606858901,149.235135108008
s35,male,sentence,fortis,7.934974252699853,188.81909049199447
s35,male,sentence,fortis,35.45375520787382,147.85872305747515
s35,male,sentence,fortis,23.739199647087524,170.35959704736067
s35,male,sentence,fortis,9.90109083534111,218.08813581297898
s35,male,sentence,fortis,14.249267983169927,146.560841965725
s35,male,sentence,lenis,52.45222122397459,129.763591169078
s35,male,sentence,lenis,42.66196737211886,116.92690502547715
s35,male,sentence,lenis,25.163305706062996,138.51731731127444
s35,male,sentence,lenis,39.117638952806885,118.68601817994039
s35,male,sentence,lenis,53.91469384263269,124.501186918527
s35,male,sentence,lenis,43.26236466487732,113.6266851702966
s35,male,sentence,aspirated,94.92035680213361,194.25822390671922
s35,male,sentence,aspirated,52.07502653763691,167.8820064550531
s35,male,sentence,aspirated,106.65761488449459,168.0862659743878
s35,male,sentence,aspirated,58.24906946053501,133.42781020919966
s35,male,sentence,aspirated,81.34186107375079,190.40687478124306
s35,male,sentence,aspirated,73.56993169508893,175.91581549462978
s36,male,isolation,fortis,29.928600076418498,143.30229734477643
s36,male,isolation,fortis,19.66473705376079,110.78386144775597
s36,male,isolation,fortis,8.401960942695691,187.2161494627083
s36,male,isolation,fortis,7.998292627990157,126.24464889988676
s36,male,isolation,fortis,10.718482983886826,112.6575139194045
s36,male,isolation,fortis,28.42769655475173,129.3197125265767
s36,male,isolation,lenis,50.73385529013977,138.19216528985578
s36,male,isolation,lenis,70.217534247497,93.97254430509139
s36,male,isolation,lenis,75.04491239678127,124.5395353062097
s36,male,isolation,lenis,52.86436098552913,108.70029419776895
s36,male,isolation,lenis,61.82998154140796,149.18683876229295
s36,male,isolation,lenis,36.25772240545929,112.17454463609783
s36,male,isolation,aspirated,87.04606833815814,186.89281851328468
s36,male,isolation,aspirated,69.00062058875773,131.48952713868206
s36,male,isolation,aspirated,63.19583174435378,133.33851721278756
s36,male,isolation,aspirated,98.55791711093518,142.07133306448753
s36,male,isolation,aspirated,108.96149105220871,177.16526097910133
s36,male,isolation,aspirated,91.90132604545869,122.02776033093649
s36,male,sentence,fortis,23.20669512290363,158.86022900536517
s36,male,sentence,fortis,15.709812172383423,190.67562198583317
s36,male,sentence,fortis,13.683126482059135,118.25400399479562
s36,male,sentence,fortis,20.60183685799032,125.35397112340375
s36,male,sentence,fortis,19.078152534020237,133.2765054490301
s36,male,sentence,fortis,5.379132877733779,135.68514419796145
s36,male,sentence,lenis,79.4238899114056,117.06252701096152
s36,male,sentence,lenis,60.40046334240611,137.81224027658297
s36,male,sentence,lenis,72.76958705083496,104.29079485046472
s36,male,sentence,lenis,66.2034544797289,122.2184987733989
s36,male,sentence,lenis,52.38701030154349,126.99650265678225
s36,male,sentence,lenis,39.83646713713353,134.80361929909984
s36,male,sentence,aspirated,32.0976854508991,133.97817438395668
s36,male,sentence,aspirated,82.97584894965362,144.76510395303777
s36,male,sentence,aspirated,69.31075509081232,151.4890474759432
s36,male,sentence,aspirated,38.50068019205201,161.95737751743505
s36,male,sentence,aspirated,60.39450995236535,173.00918338786954
s36,male,sentence,aspirated,118.5448130199434,144.57979841446866
s37,male,isolation,fortis,21.506003844428466,169.43912268183374
s37,male,isolation,fortis,14.884245237534525,129.42697209577895
s37,male,isolation,fortis,32.19125537531876,154.1529751884603
s37,male,isolation,fortis,7.354257002306931,104.18948807691643
s37,male,isolation,fortis,11.995347642179675,128.39543942722455
s37,male,isolation,fortis,10.656279565701922,135.84505842125043
s37,male,isolation,lenis,33.16893316214312,119.19294577969293
s37,male,isolation,lenis,53.20096572780485,98.9324381065737
s37,male,isolation,lenis,78.59166963617876,127.32910894345774
s37,male,isolation,lenis,65.91980281607293,135.38883218648817
s37,male,isolation,lenis,95.06750651879821,134.36874446123826
s37,male,isolation,lenis,90.39934943227185,104.73845413367037
s37,male,isolation,aspirated,64.94189074558786,174.26018459641284
s37,male,isolation,aspirated,80.80166309032504,131.44318175477525
s37,male,isolation,aspirated,81.02884317181945,135.59382999517567
s37,male,isolation,aspirated,83.51489633644036,158.8743991445518
s37,male,isolation,aspirated,103.13672831226977,117.7735766178719
s37,male,isolation,aspirated,89.9682639428896,157.65570048598795
s37,male,sentence,fortis,45.03681318767107,141.1753322693091
s37,male,sentence,fortis,35.70963236281062,139.5294400181922
s37,male,sentence,fortis,16.576407771554102,104.35520107684215
s37,male,sentence,fortis,14.052432281934898,127.51750372125863
s37,male,sentence,fortis,10.50219151190502,159.60460843857646
s37,male,sentence,fortis,25.37723076801528,187.2022682627397
s37,male,sentence,lenis,44.24210491903208,129.1331328799466
s37,male,sentence,lenis,74.89759996571895,142.41446598039866
s37,male,sentence,lenis,19.69557114539272,109.0260311149672
s37,male,sentence,lenis,45.865357693409784,108.613960645448
s37,male,sentence,lenis,21.281840095952234,139.4558779582686
s37,male,sentence,lenis,51.90329884351627,154.08240687710935
s37,male,sentence,aspirated,88.90184116424354,156.08305664168202
s37,male,sentence,aspirated,66.91442130212695,148.52630862056355
s37,male,sentence,aspirated,79.48951562992745,160.23342559726188
s37,male,sentence,aspirated,46.44957675240675,118.19288349372594
s37,male,sentence,aspirated,45.11953476569812,154.55127427665428
s37,male,sentence,aspirated,76.61746801586608,153.46698103007247
